category_list,Sector (from mappings)
Sports,Automotive & Sports
Design,Automotive & Sports
Designers,Automotive & Sports
Cars,Automotive & Sports
Transportation,Automotive & Sports
Drones,Automotive & Sports
Automotive,Automotive & Sports
Automated Kiosk,Automotive & Sports
Aerospace,Automotive & Sports
Bicycles,Automotive & Sports
Limousines,Automotive & Sports
Adventure Travel,Automotive & Sports
Industrial Automation,Automotive & Sports
Boating Industry,Automotive & Sports
Electric Vehicles,Automotive & Sports
CAD,Automotive & Sports
Fuels,Automotive & Sports
Sporting Goods,Automotive & Sports
Auto,Automotive & Sports
Heavy Industry,Automotive & Sports
Soccer,Automotive & Sports
Unmanned Air Systems,Automotive & Sports
Biotechnology,Cleantech / Semiconductors
Clean Technology,Cleantech / Semiconductors
Energy,Cleantech / Semiconductors
Bitcoin,Cleantech / Semiconductors
Semiconductors,Cleantech / Semiconductors
Carbon,Cleantech / Semiconductors
Concentrated Solar Power,Cleantech / Semiconductors
Home Decor,Cleantech / Semiconductors
Chemicals,Cleantech / Semiconductors
Home Automation,Cleantech / Semiconductors
Clean Energy,Cleantech / Semiconductors
Material Science,Cleantech / Semiconductors
Bio-Pharm,Cleantech / Semiconductors
Renewable Energies,Cleantech / Semiconductors
Commodities,Cleantech / Semiconductors
Biomass Power Generation,Cleantech / Semiconductors
Mining Technologies,Cleantech / Semiconductors
Environmental Innovation,Cleantech / Semiconductors
Commercial Solar,Cleantech / Semiconductors
Energy Efficiency,Cleantech / Semiconductors
Biometrics,Cleantech / Semiconductors
Bioinformatics,Cleantech / Semiconductors
Biofuels,Cleantech / Semiconductors
Aquaculture,Cleantech / Semiconductors
Water,Cleantech / Semiconductors
Home & Garden,Cleantech / Semiconductors
Minerals,Cleantech / Semiconductors
Wearables,Cleantech / Semiconductors
Energy Storage,Cleantech / Semiconductors
Air Pollution Control,Cleantech / Semiconductors
Lighting,Cleantech / Semiconductors
Fertility,Cleantech / Semiconductors
Recycling,Cleantech / Semiconductors
Funeral Industry,Cleantech / Semiconductors
Mechanical Solutions,Cleantech / Semiconductors
Solar,Cleantech / Semiconductors
Gas,Cleantech / Semiconductors
Semiconductor Manufacturing Equipment,Cleantech / Semiconductors
Clean Technology IT,Cleantech / Semiconductors
Green,Cleantech / Semiconductors
Fuel Cells,Cleantech / Semiconductors
Disruptive Models,Cleantech / Semiconductors
Early-Stage Technology,Cleantech / Semiconductors
Renewable Tech,Cleantech / Semiconductors
Green Consumer Goods,Cleantech / Semiconductors
Energy IT,Cleantech / Semiconductors
Space Travel,Cleantech / Semiconductors
Water Purification,Cleantech / Semiconductors
Media,Entertainment
Games,Entertainment
Entertainment,Entertainment
Art,Entertainment
Coffee,Entertainment
Fashion,Entertainment
Audio,Entertainment
Travel,Entertainment
Content,Entertainment
Music Services,Entertainment
Digital Media,Entertainment
Interior Design,Entertainment
Photography,Entertainment
Creative,Entertainment
Music,Entertainment
Game,Entertainment
Creative Industries,Entertainment
Leisure,Entertainment
Video,Entertainment
Content Creators,Entertainment
Digital Entertainment,Entertainment
Travel & Tourism,Entertainment
Audiobooks,Entertainment
Content Discovery,Entertainment
Events,Entertainment
Content Delivery,Entertainment
Brewing,Entertainment
Reviews and Recommendations,Entertainment
Weddings,Entertainment
Lifestyle,Entertainment
Hotels,Entertainment
Content Syndication,Entertainment
Interface Design,Entertainment
Console Gaming,Entertainment
Craft Beer,Entertainment
Fantasy Sports,Entertainment
Gambling,Entertainment
Wine And Spirits,Entertainment
Restaurants,Entertainment
VoIP,Entertainment
Film Production,Entertainment
Ticketing,Entertainment
Wireless,Entertainment
Gamification,Entertainment
Photo Sharing,Entertainment
Artists Globally,Entertainment
Casual Games,Entertainment
Film,Entertainment
Entertainment Industry,Entertainment
Lifestyle Products,Entertainment
Musical Instruments,Entertainment
Video Games,Entertainment
E-Books,Entertainment
Mobile Games,Entertainment
Celebrity,Entertainment
FreetoPlay Gaming,Entertainment
Shopping,Entertainment
EBooks,Entertainment
Comics,Entertainment
Lifestyle Businesses,Entertainment
Video Streaming,Entertainment
Shoes,Entertainment
Jewelry,Entertainment
Online Video Advertising,Entertainment
Online Gaming,Entertainment
Concerts,Entertainment
Tourism,Entertainment
Contests,Entertainment
Game Mechanics,Entertainment
Mobile Video,Entertainment
Photo Editing,Entertainment
In-Flight Entertainment,Entertainment
Business Travelers,Entertainment
Television,Entertainment
Resorts,Entertainment
Video on Demand,Entertainment
Video Conferencing,Entertainment
Theatre,Entertainment
Edutainment,Entertainment
Music Education,Entertainment
Music Venues,Entertainment
Independent Music Labels,Entertainment
Virtual Workforces,Entertainment
Film Distribution,Entertainment
Musicians,Entertainment
Health and Wellness,Health
Beauty,Health
Cosmetics,Health
Health Care,Health
Health Diagnostics,Health
Public Transportation,Health
Baby Accessories,Health
Doctors,Health
Fitness,Health
Babies,Health
Animal Feed,Health
Pets,Health
Healthcare Services,Health
Exercise,Health
Health Care Information Technology,Health
Health and Insurance,Health
Medical,Health
Diagnostics,Health
Pharmaceuticals,Health
Medical Devices,Health
Assisitive Technology,Health
Child Care,Health
Lasers,Health
Hospitals,Health
Specialty Chemicals,Health
Active Lifestyle,Health
Dietary Supplements,Health
Cooking,Health
Specialty Foods,Health
Corporate Wellness,Health
Dental,Health
Therapeutics,Health
Diabetes,Health
Public Safety,Health
Clinical Trials,Health
Organic Food,Health
Genetic Testing,Health
Outdoors,Health
Assisted Living,Health
Elder Care,Health
Electronic Health Records,Health
Baby Boomers,Health
Health Services Industry,Health
mHealth,Health
SexTech,Health
Mobile Health,Health
Senior Citizens,Health
Neuroscience,Health
Eyewear,Health
Speech Recognition,Health
Organic,Health
Nutrition,Health
Mens Specific,Health
Baby Safety,Health
Cosmetic Surgery,Health
Physicians,Health
Senior Health,Health
Independent Pharmacies,Health
Batteries,Manufacturing
Consumer Goods,Manufacturing
Manufacturing,Manufacturing
Hardware + Software,Manufacturing
Computers,Manufacturing
Consumer Electronics,Manufacturing
3D,Manufacturing
3D Technology,Manufacturing
3D Printing,Manufacturing
Food Processing,Manufacturing
Hardware,Manufacturing
Communications Infrastructure,Manufacturing
Electrical Distribution,Manufacturing
Construction,Manufacturing
Agriculture,Manufacturing
Electronics,Manufacturing
DOD/Military,Manufacturing
Industrial,Manufacturing
Advanced Materials,Manufacturing
Embedded Hardware and Software,Manufacturing
Furniture,Manufacturing
Farming,Manufacturing
Architecture,Manufacturing
Defense,Manufacturing
Communications Hardware,Manufacturing
Mobile Software Tools,Manufacturing
Building Products,Manufacturing
Gadget,Manufacturing
Groceries,Manufacturing
New Technologies,Manufacturing
Optical Communications,Manufacturing
New Product Development,Manufacturing
Computer Vision,Manufacturing
Civil Engineers,Manufacturing
Fmcg,Manufacturing
Storage,Manufacturing
Displays,Manufacturing
Farmers Market,Manufacturing
Handmade,Manufacturing
Mobile Infrastructure,Manufacturing
Application Platforms,"News, Search and Messaging"
Apps,"News, Search and Messaging"
Curated Web,"News, Search and Messaging"
Mobile,"News, Search and Messaging"
Search,"News, Search and Messaging"
Internet,"News, Search and Messaging"
Local Search,"News, Search and Messaging"
Publishing,"News, Search and Messaging"
Chat,"News, Search and Messaging"
Cloud Computing,"News, Search and Messaging"
News,"News, Search and Messaging"
Delivery,"News, Search and Messaging"
Blogging Platforms,"News, Search and Messaging"
Cloud Infrastructure,"News, Search and Messaging"
Messaging,"News, Search and Messaging"
Cloud Data Services,"News, Search and Messaging"
App Marketing,"News, Search and Messaging"
Commercial Real Estate,"News, Search and Messaging"
Online Travel,"News, Search and Messaging"
Web Design,"News, Search and Messaging"
Online Shopping,"News, Search and Messaging"
Browser Extensions,"News, Search and Messaging"
Broadcasting,"News, Search and Messaging"
SEO,"News, Search and Messaging"
Online Rental,"News, Search and Messaging"
Domains,"News, Search and Messaging"
Internet Radio Market,"News, Search and Messaging"
Internet Service Providers,"News, Search and Messaging"
Application Performance Monitoring,"News, Search and Messaging"
Email,"News, Search and Messaging"
Comparison Shopping,"News, Search and Messaging"
Enterprise Search,"News, Search and Messaging"
Classifieds,"News, Search and Messaging"
Archiving,"News, Search and Messaging"
Brokers,"News, Search and Messaging"
Gps,"News, Search and Messaging"
Direct Sales,"News, Search and Messaging"
Online Scheduling,"News, Search and Messaging"
Cloud Security,"News, Search and Messaging"
Maps,"News, Search and Messaging"
Graphics,"News, Search and Messaging"
Recruiting,"News, Search and Messaging"
Online Dating,"News, Search and Messaging"
App Discovery,"News, Search and Messaging"
App Stores,"News, Search and Messaging"
Meeting Software,"News, Search and Messaging"
Certification Test,"News, Search and Messaging"
Private Social Networking,"News, Search and Messaging"
Internet Infrastructure,"News, Search and Messaging"
Direct Marketing,"News, Search and Messaging"
Mobile Social,"News, Search and Messaging"
Cable,"News, Search and Messaging"
Forums,"News, Search and Messaging"
Cloud-Based Music,"News, Search and Messaging"
Call Center Automation,"News, Search and Messaging"
Online Reservations,"News, Search and Messaging"
Mobile Devices,"News, Search and Messaging"
Peer-to-Peer,"News, Search and Messaging"
Group SMS,"News, Search and Messaging"
Building Owners,"News, Search and Messaging"
Demographies,"News, Search and Messaging"
Mobile Enterprise,"News, Search and Messaging"
Search Marketing,"News, Search and Messaging"
Web Browsers,"News, Search and Messaging"
MicroBlogging,"News, Search and Messaging"
Ride Sharing,"News, Search and Messaging"
Q&A,"News, Search and Messaging"
Software,Others
E-Commerce,Others
Networking,Others
Education,Others
Local Businesses,Others
Hospitality,Others
Enterprise Software,Others
iOS,Others
EdTech,Others
Real Estate,Others
Service Providers,Others
Geospatial,Others
Non Profit,Others
Landscaping,Others
Technology,Others
Services,Others
DIY,Others
Presentations,Others
SaaS,Others
Point of Sale,Others
Enterprises,Others
Alumni,Others
Printing,Others
Web Hosting,Others
Physical Security,Others
Security,Others
Flash Storage,Others
Human Resources,Others
Office Space,Others
Distribution,Others
Startups,Others
E-Commerce Platforms,Others
Telecommunications,Others
Oil & Gas,Others
Distributors,Others
Employment,Others
M2M,Others
Local,Others
All Students,Others
Engineering Firms,Others
Government Innovation,Others
Logistics,Others
Nonprofits,Others
Homeland Security,Others
Legal,Others
Politics,Others
Collectibles,Others
Real Time,Others
Mobile Security,Others
Intellectual Property,Others
Advice,Others
Governments,Others
Human Resource Automation,Others
Law Enforcement,Others
Robotics,Others
Ediscovery,Others
Marketplaces,Others
Gift Card,Others
Tracking,Others
Algorithms,Others
Location Based Services,Others
Loyalty Programs,Others
Match-Making,Others
iPhone,Others
Network Security,Others
iPad,Others
Language Learning,Others
Watch,Others
Small and Medium Businesses,Others
Kids,Others
Sensors,Others
Angels,Others
Identity,Others
Reputation,Others
Enterprise Security,Others
Productivity Software,Others
Entrepreneur,Others
Opinions,Others
All Markets,Others
Enterprise Application,Others
Local Based Services,Others
Oil and Gas,Others
Intelligent Systems,Others
Logistics Company,Others
College Campuses,Others
Simulation,Others
Guides,Others
Licensing,Others
Lead Generation,Others
Sales Automation,Others
Private School,Others
Life Sciences,Others
Open Source,Others
File Sharing,Others
Families,Others
ICT,Others
Wholesale,Others
SNS,Others
Freelancers,Others
Low Bid Auctions,Others
Realtors,Others
Mobility,Others
Emerging Markets,Others
Outsourcing,Others
General Public Worldwide,Others
Service Industries,Others
IT and Cybersecurity,Others
Fruit,Others
Recreation,Others
Non-Tech,Others
Product Development Services,Others
K-12 Education,Others
Mass Customization,Others
Product Design,Others
Rental Housing,Others
Flash Sales,Others
Trading,Others
Staffing Firms,Others
EDA Tools,Others
Parking,Others
Linux,Others
Online Identity,Others
Utilities,Others
Tea,Others
Systems,Others
Religion,Others
Parenting,Others
IaaS,Others
University Students,Others
Web Development,Others
Optimization,Others
Pervasive Computing,Others
Postal and Courier Services,Others
Enterprise 2.0,Others
Humanitarian,Others
Online Education,Others
Gift Exchange,Others
Privacy,Others
Field Support Services,Others
Home Owners,Others
Textiles,Others
Plumbers,Others
Shipping,Others
Translation,Others
Skill Assessment,Others
Synchronization,Others
Human Computer Interaction,Others
High Schools,Others
Home Renovation,Others
Training,Others
Interest Graph,Others
Oil,Others
Polling,Others
Flowers,Others
Vending and Concessions,Others
RFID,Others
Smart Grid,Others
Portals,Others
High School Students,Others
Shared Services,Others
Indoor Positioning,Others
Local Commerce,Others
High Tech,Others
Web Tools,Others
Enterprise Resource Planning,Others
Gift Registries,Others
Homeless Shelter,Others
Universities,Others
Procurement,Others
QR Codes,Others
Subscription Service,Others
Women,Others
Young Adults,Others
Surveys,Others
User Experience Design,Others
Taxis,Others
Indians,Others
Usability,Others
User Interface,Others
Productivity,Others
Gay & Lesbian,Others
Micro-Enterprises,Others
Internet Marketing,"Social, Finance, Analytics, Advertising"
Advertising,"Social, Finance, Analytics, Advertising"
Social Travel,"Social, Finance, Analytics, Advertising"
Augmented Reality,"Social, Finance, Analytics, Advertising"
Social Media,"Social, Finance, Analytics, Advertising"
Consumers,"Social, Finance, Analytics, Advertising"
Big Data,"Social, Finance, Analytics, Advertising"
Android,"Social, Finance, Analytics, Advertising"
Customer Service,"Social, Finance, Analytics, Advertising"
Artificial Intelligence,"Social, Finance, Analytics, Advertising"
Ad Targeting,"Social, Finance, Analytics, Advertising"
Credit Cards,"Social, Finance, Analytics, Advertising"
Discounts,"Social, Finance, Analytics, Advertising"
Internet of Things,"Social, Finance, Analytics, Advertising"
Collaboration,"Social, Finance, Analytics, Advertising"
FinTech,"Social, Finance, Analytics, Advertising"
Information Technology,"Social, Finance, Analytics, Advertising"
Communities,"Social, Finance, Analytics, Advertising"
Data Centers,"Social, Finance, Analytics, Advertising"
Business Services,"Social, Finance, Analytics, Advertising"
Consulting,"Social, Finance, Analytics, Advertising"
Developer APIs,"Social, Finance, Analytics, Advertising"
Coupons,"Social, Finance, Analytics, Advertising"
Databases,"Social, Finance, Analytics, Advertising"
Machine Learning,"Social, Finance, Analytics, Advertising"
Crowdfunding,"Social, Finance, Analytics, Advertising"
Anything Capital Intensive,"Social, Finance, Analytics, Advertising"
Consumer Internet,"Social, Finance, Analytics, Advertising"
Sales and Marketing,"Social, Finance, Analytics, Advertising"
Accounting,"Social, Finance, Analytics, Advertising"
Information Services,"Social, Finance, Analytics, Advertising"
B2B,"Social, Finance, Analytics, Advertising"
Social Network Media,"Social, Finance, Analytics, Advertising"
Development Platforms,"Social, Finance, Analytics, Advertising"
Brand Marketing,"Social, Finance, Analytics, Advertising"
Crowdsourcing,"Social, Finance, Analytics, Advertising"
Contact Centers,"Social, Finance, Analytics, Advertising"
Innovation Engineering,"Social, Finance, Analytics, Advertising"
Charity,"Social, Finance, Analytics, Advertising"
Information Security,"Social, Finance, Analytics, Advertising"
Payments,"Social, Finance, Analytics, Advertising"
Credit,"Social, Finance, Analytics, Advertising"
Colleges,"Social, Finance, Analytics, Advertising"
Public Relations,"Social, Finance, Analytics, Advertising"
Employer Benefits Programs,"Social, Finance, Analytics, Advertising"
Advertising Platforms,"Social, Finance, Analytics, Advertising"
CRM,"Social, Finance, Analytics, Advertising"
Data Integration,"Social, Finance, Analytics, Advertising"
Facebook Applications,"Social, Finance, Analytics, Advertising"
Marketing Automation,"Social, Finance, Analytics, Advertising"
Business Intelligence,"Social, Finance, Analytics, Advertising"
Auctions,"Social, Finance, Analytics, Advertising"
Business Development,"Social, Finance, Analytics, Advertising"
Advertising Exchanges,"Social, Finance, Analytics, Advertising"
Performance Marketing,"Social, Finance, Analytics, Advertising"
Insurance,"Social, Finance, Analytics, Advertising"
Advertising Networks,"Social, Finance, Analytics, Advertising"
Corporate Training,"Social, Finance, Analytics, Advertising"
Consumer Lending,"Social, Finance, Analytics, Advertising"
Bridging Online and Offline,"Social, Finance, Analytics, Advertising"
Developer Tools,"Social, Finance, Analytics, Advertising"
Business Productivity,"Social, Finance, Analytics, Advertising"
Retail,"Social, Finance, Analytics, Advertising"
Banking,"Social, Finance, Analytics, Advertising"
Data Mining,"Social, Finance, Analytics, Advertising"
Charter Schools,"Social, Finance, Analytics, Advertising"
Consumer Behavior,"Social, Finance, Analytics, Advertising"
Social Commerce,"Social, Finance, Analytics, Advertising"
BPO Services,"Social, Finance, Analytics, Advertising"
Estimation and Quoting,"Social, Finance, Analytics, Advertising"
Incubators,"Social, Finance, Analytics, Advertising"
Collaborative Consumption,"Social, Finance, Analytics, Advertising"
Email Marketing,"Social, Finance, Analytics, Advertising"
Gold,"Social, Finance, Analytics, Advertising"
Social Fundraising,"Social, Finance, Analytics, Advertising"
Cyber Security,"Social, Finance, Analytics, Advertising"
Social Television,"Social, Finance, Analytics, Advertising"
Corporate IT,"Social, Finance, Analytics, Advertising"
Billing,"Social, Finance, Analytics, Advertising"
Fraud Detection,"Social, Finance, Analytics, Advertising"
Data Security,"Social, Finance, Analytics, Advertising"
Data Privacy,"Social, Finance, Analytics, Advertising"
Social Business,"Social, Finance, Analytics, Advertising"
Charities,"Social, Finance, Analytics, Advertising"
Infrastructure,"Social, Finance, Analytics, Advertising"
Mobile Commerce,"Social, Finance, Analytics, Advertising"
Social Media Platforms,"Social, Finance, Analytics, Advertising"
Custom Retail,"Social, Finance, Analytics, Advertising"
Venture Capital,"Social, Finance, Analytics, Advertising"
Market Research,"Social, Finance, Analytics, Advertising"
Career Planning,"Social, Finance, Analytics, Advertising"
Coworking,"Social, Finance, Analytics, Advertising"
Local Advertising,"Social, Finance, Analytics, Advertising"
Customer Support Tools,"Social, Finance, Analytics, Advertising"
College Recruiting,"Social, Finance, Analytics, Advertising"
Cyber,"Social, Finance, Analytics, Advertising"
Social Bookmarking,"Social, Finance, Analytics, Advertising"
Image Recognition,"Social, Finance, Analytics, Advertising"
Social News,"Social, Finance, Analytics, Advertising"
Mobile Payments,"Social, Finance, Analytics, Advertising"
Data Visualization,"Social, Finance, Analytics, Advertising"
Business Information Systems,"Social, Finance, Analytics, Advertising"
Email Newsletters,"Social, Finance, Analytics, Advertising"
PaaS,"Social, Finance, Analytics, Advertising"
Incentives,"Social, Finance, Analytics, Advertising"
Multi-level Marketing,"Social, Finance, Analytics, Advertising"
Data Center Automation,"Social, Finance, Analytics, Advertising"
P2P Money Transfer,"Social, Finance, Analytics, Advertising"
Data Center Infrastructure,"Social, Finance, Analytics, Advertising"
Retail Technology,"Social, Finance, Analytics, Advertising"
Social CRM,"Social, Finance, Analytics, Advertising"
Social + Mobile + Local,"Social, Finance, Analytics, Advertising"
Freemium,"Social, Finance, Analytics, Advertising"
B2B Express Delivery,"Social, Finance, Analytics, Advertising"
Social Media Marketing,"Social, Finance, Analytics, Advertising"
Monetization,"Social, Finance, Analytics, Advertising"
Mobile Shopping,"Social, Finance, Analytics, Advertising"
Hedge Funds,"Social, Finance, Analytics, Advertising"
Social Games,"Social, Finance, Analytics, Advertising"
Stock Exchanges,"Social, Finance, Analytics, Advertising"
Mobile Advertising,"Social, Finance, Analytics, Advertising"
Price Comparison,"Social, Finance, Analytics, Advertising"
Group Buying,"Social, Finance, Analytics, Advertising"
Debt Collecting,"Social, Finance, Analytics, Advertising"
Social Recruiting,"Social, Finance, Analytics, Advertising"
Lotteries,"Social, Finance, Analytics, Advertising"
Face Recognition,"Social, Finance, Analytics, Advertising"
Moneymaking,"Social, Finance, Analytics, Advertising"
Pre Seed,"Social, Finance, Analytics, Advertising"
Direct Advertising,"Social, Finance, Analytics, Advertising"
Impact Investing,"Social, Finance, Analytics, Advertising"
Enterprise Purchasing,"Social, Finance, Analytics, Advertising"
Social Buying,"Social, Finance, Analytics, Advertising"
